;Выжившие;КлассПассажира;Пол;Возраст;Сибсп;Пергамент;Билет;Стоимость;Купе;Погружены
0;0;3;male;2000.0;1;0;A/5 21171;7.25;B96 B98;S
1;1;1;female;1984.0;1;0;PC 17599;71.2833;C85;C
2;1;3;female;1996.0;0;0;STON/O2. 3101282;7.925;B96 B98;S
3;1;1;female;1987.0;1;0;113803;53.1;C123;S
4;0;3;male;1987.0;0;0;373450;8.05;B96 B98;S
5;0;3;male;1992.3008823529412;0;0;330877;8.4583;B96 B98;Q
6;0;1;male;1968.0;0;0;17463;51.8625;E46;S
7;0;3;male;2020.0;3;1;349909;21.075;B96 B98;S
8;1;3;female;1995.0;0;2;347742;11.1333;B96 B98;S
9;1;2;female;2008.0;1;0;237736;30.0708;B96 B98;C
10;1;3;female;2018.0;1;1;PP 9549;16.7;G6;S
11;1;1;female;1964.0;0;0;113783;26.55;C103;S
12;0;3;male;2002.0;0;0;A/5. 2151;8.05;B96 B98;S
13;0;3;male;1983.0;1;5;347082;31.275;B96 B98;S
14;0;3;female;2008.0;0;0;350406;7.8542;B96 B98;S
15;1;2;female;1967.0;0;0;248706;16.0;B96 B98;S
16;0;3;male;2020.0;4;1;382652;29.125;B96 B98;Q
17;1;2;male;1992.3008823529412;0;0;244373;13.0;B96 B98;S
18;0;3;female;1991.0;1;0;345763;18.0;B96 B98;S
19;1;3;female;1992.3008823529412;0;0;2649;7.225;B96 B98;C
20;0;2;male;1987.0;0;0;239865;26.0;B96 B98;S
21;1;2;male;1988.0;0;0;248698;13.0;D56;S
22;1;3;female;2007.0;0;0;330923;8.0292;B96 B98;Q
23;1;1;male;1994.0;0;0;113788;35.5;A6;S
24;0;3;female;2014.0;3;1;349909;21.075;B96 B98;S
25;1;3;female;1984.0;1;5;347077;31.3875;B96 B98;S
26;0;3;male;1992.3008823529412;0;0;2631;7.225;B96 B98;C
27;0;1;male;2003.0;3;2;19950;263.0;C23 C25 C27;S
28;1;3;female;1992.3008823529412;0;0;330959;7.8792;B96 B98;Q
29;0;3;male;1992.3008823529412;0;0;349216;7.8958;B96 B98;S
30;0;1;male;1982.0;0;0;PC 17601;27.7208;B96 B98;C
31;1;1;female;1992.3008823529412;1;0;PC 17569;146.5208;B78;C
32;1;3;female;1992.3008823529412;0;0;335677;7.75;B96 B98;Q
33;0;2;male;1956.0;0;0;C.A. 24579;10.5;B96 B98;S
34;0;1;male;1994.0;1;0;PC 17604;82.1708;B96 B98;C
35;0;1;male;1980.0;1;0;113789;52.0;B96 B98;S
36;1;3;male;1992.3008823529412;0;0;2677;7.2292;B96 B98;C
37;0;3;male;2001.0;0;0;A./5. 2152;8.05;B96 B98;S
38;0;3;female;2004.0;2;0;345764;18.0;B96 B98;S
39;1;3;female;2008.0;1;0;2651;11.2417;B96 B98;C
40;0;3;female;1982.0;1;0;7546;9.475;B96 B98;S
41;0;2;female;1995.0;1;0;11668;21.0;B96 B98;S
42;0;3;male;1992.3008823529412;0;0;349253;7.8958;B96 B98;C
43;1;2;female;2019.0;1;2;SC/Paris 2123;41.5792;B96 B98;C
44;1;3;female;2003.0;0;0;330958;7.8792;B96 B98;Q
45;0;3;male;1992.3008823529412;0;0;S.C./A.4. 23567;8.05;B96 B98;S
46;0;3;male;1992.3008823529412;1;0;370371;15.5;B96 B98;Q
47;1;3;female;1992.3008823529412;0;0;14311;7.75;B96 B98;Q
48;0;3;male;1992.3008823529412;2;0;2662;21.6792;B96 B98;C
49;0;3;female;2004.0;1;0;349237;17.8;B96 B98;S
50;0;3;male;2015.0;4;1;3101295;39.6875;B96 B98;S
51;0;3;male;2001.0;0;0;A/4. 39886;7.8;B96 B98;S
52;1;1;female;1973.0;1;0;PC 17572;76.7292;D33;C
53;1;2;female;1993.0;1;0;2926;26.0;B96 B98;S
54;0;1;male;1957.0;0;1;113509;61.9792;B30;C
55;1;1;male;1992.3008823529412;0;0;19947;35.5;C52;S
56;1;2;female;2001.0;0;0;C.A. 31026;10.5;B96 B98;S
57;0;3;male;1993.5;0;0;2697;7.2292;B96 B98;C
58;1;2;female;2017.0;1;2;C.A. 34651;27.75;B96 B98;S
59;0;3;male;2011.0;5;2;CA 2144;46.9;B96 B98;S
60;0;3;male;2000.0;0;0;2669;7.2292;B96 B98;C
61;1;1;female;1984.0;0;0;113572;80.0;B28;S
62;0;1;male;1977.0;1;0;36973;83.475;C83;S
63;0;3;male;2018.0;3;2;347088;27.9;B96 B98;S
64;0;1;male;1992.3008823529412;0;0;PC 17605;27.7208;B96 B98;C
65;1;3;male;1992.3008823529412;1;1;2661;15.2458;B96 B98;C
66;1;2;female;1993.0;0;0;C.A. 29395;10.5;F33;S
67;0;3;male;2003.0;0;0;S.P. 3464;8.1583;B96 B98;S
68;1;3;female;2005.0;4;2;3101281;7.925;B96 B98;S
69;0;3;male;1996.0;2;0;315151;8.6625;B96 B98;S
70;0;2;male;1990.0;0;0;C.A. 33111;10.5;B96 B98;S
71;0;3;female;2006.0;5;2;CA 2144;46.9;B96 B98;S
72;0;2;male;2001.0;0;0;S.O.C. 14879;73.5;B96 B98;S
73;0;3;male;1996.0;1;0;2680;14.4542;B96 B98;C
74;1;3;male;1990.0;0;0;1601;56.4958;B96 B98;S
75;0;3;male;1997.0;0;0;348123;7.65;F G73;S
76;0;3;male;1992.3008823529412;0;0;349208;7.8958;B96 B98;S
77;0;3;male;1992.3008823529412;0;0;374746;8.05;B96 B98;S
78;1;2;male;2021.17;0;2;248738;29.0;B96 B98;S
79;1;3;female;1992.0;0;0;364516;12.475;B96 B98;S
80;0;3;male;2000.0;0;0;345767;9.0;B96 B98;S
81;1;3;male;1993.0;0;0;345779;9.5;B96 B98;S
82;1;3;female;1992.3008823529412;0;0;330932;7.7875;B96 B98;Q
83;0;1;male;1994.0;0;0;113059;47.1;B96 B98;S
84;1;2;female;2005.0;0;0;SO/C 14885;10.5;B96 B98;S
85;1;3;female;1989.0;3;0;3101278;15.85;B96 B98;S
86;0;3;male;2006.0;1;3;W./C. 6608;34.375;B96 B98;S
87;0;3;male;1992.3008823529412;0;0;SOTON/OQ 392086;8.05;B96 B98;S
88;1;1;female;1999.0;3;2;19950;263.0;C23 C25 C27;S
89;0;3;male;1998.0;0;0;343275;8.05;B96 B98;S
90;0;3;male;1993.0;0;0;343276;8.05;B96 B98;S
91;0;3;male;2002.0;0;0;347466;7.8542;B96 B98;S
92;0;1;male;1976.0;1;0;W.E.P. 5734;61.175;E31;S
93;0;3;male;1996.0;1;2;C.A. 2315;20.575;B96 B98;S
94;0;3;male;1963.0;0;0;364500;7.25;B96 B98;S
95;0;3;male;1992.3008823529412;0;0;374910;8.05;B96 B98;S
96;0;1;male;1951.0;0;0;PC 17754;34.6542;A5;C
97;1;1;male;1999.0;0;1;PC 17759;63.3583;D10 D12;C
98;1;2;female;1988.0;0;1;231919;23.0;B96 B98;S
99;0;2;male;1988.0;1;0;244367;26.0;B96 B98;S
100;0;3;female;1994.0;0;0;349245;7.8958;B96 B98;S
101;0;3;male;1992.3008823529412;0;0;349215;7.8958;B96 B98;S
102;0;1;male;2001.0;0;1;35281;77.2875;D26;S
103;0;3;male;1989.0;0;0;7540;8.6542;B96 B98;S
104;0;3;male;1985.0;2;0;3101276;7.925;B96 B98;S
105;0;3;male;1994.0;0;0;349207;7.8958;B96 B98;S
106;1;3;female;2001.0;0;0;343120;7.65;B96 B98;S
107;1;3;male;1992.3008823529412;0;0;312991;7.775;B96 B98;S
108;0;3;male;1984.0;0;0;349249;7.8958;B96 B98;S
109;1;3;female;1992.3008823529412;1;0;371110;24.15;B96 B98;Q
110;0;1;male;1975.0;0;0;110465;52.0;C110;S
111;0;3;female;2007.5;1;0;2665;14.4542;B96 B98;C
112;0;3;male;2000.0;0;0;324669;8.05;B96 B98;S
113;0;3;female;2002.0;1;0;4136;9.825;B96 B98;S
114;0;3;female;2005.0;0;0;2627;14.4583;B96 B98;C
115;0;3;male;2001.0;0;0;STON/O 2. 3101294;7.925;B96 B98;S
116;0;3;male;1951.5;0;0;370369;7.75;B96 B98;Q
117;0;2;male;1993.0;1;0;11668;21.0;B96 B98;S
118;0;1;male;1998.0;0;1;PC 17558;247.5208;B58 B60;C
119;0;3;female;2020.0;4;2;347082;31.275;B96 B98;S
120;0;2;male;2001.0;2;0;S.O.C. 14879;73.5;B96 B98;S
121;0;3;male;1992.3008823529412;0;0;A4. 54510;8.05;B96 B98;S
122;0;2;male;1989.5;1;0;237736;30.0708;B96 B98;C
123;1;2;female;1989.5;0;0;27267;13.0;E101;S
124;0;1;male;1968.0;0;1;35281;77.2875;D26;S
125;1;3;male;2010.0;1;0;2651;11.2417;B96 B98;C
126;0;3;male;1992.3008823529412;0;0;370372;7.75;B96 B98;Q
127;1;3;male;1998.0;0;0;C 17369;7.1417;B96 B98;S
128;1;3;female;1992.3008823529412;1;1;2668;22.3583;F E69;C
129;0;3;male;1977.0;0;0;347061;6.975;B96 B98;S
130;0;3;male;1989.0;0;0;349241;7.8958;B96 B98;C
131;0;3;male;2002.0;0;0;SOTON/O.Q. 3101307;7.05;B96 B98;S
132;0;3;female;1975.0;1;0;A/5. 3337;14.5;B96 B98;S
133;1;2;female;1993.0;1;0;228414;26.0;B96 B98;S
134;0;2;male;1997.0;0;0;C.A. 29178;13.0;B96 B98;S
135;0;2;male;1999.0;0;0;SC/PARIS 2133;15.0458;B96 B98;C
136;1;1;female;2003.0;0;2;11752;26.2833;D47;S
137;0;1;male;1985.0;1;0;113803;53.1;C123;S
138;0;3;male;2006.0;0;0;7534;9.2167;B96 B98;S
139;0;1;male;1998.0;0;0;PC 17593;79.2;B86;C
140;0;3;female;1992.3008823529412;0;2;2678;15.2458;B96 B98;C
141;1;3;female;2000.0;0;0;347081;7.75;B96 B98;S
142;1;3;female;1998.0;1;0;STON/O2. 3101279;15.85;B96 B98;S
143;0;3;male;2003.0;0;0;365222;6.75;B96 B98;Q
144;0;2;male;2004.0;0;0;231945;11.5;B96 B98;S
145;0;2;male;2003.0;1;1;C.A. 33112;36.75;B96 B98;S
146;1;3;male;1995.0;0;0;350043;7.7958;B96 B98;S
147;0;3;female;2013.0;2;2;W./C. 6608;34.375;B96 B98;S
148;0;2;male;1985.5;0;2;230080;26.0;F2;S
149;0;2;male;1980.0;0;0;244310;13.0;B96 B98;S
150;0;2;male;1971.0;0;0;S.O.P. 1166;12.525;B96 B98;S
151;1;1;female;2000.0;1;0;113776;66.6;C2;S
152;0;3;male;1966.5;0;0;A.5. 11206;8.05;B96 B98;S
153;0;3;male;1981.5;0;2;A/5. 851;14.5;B96 B98;S
154;0;3;male;1992.3008823529412;0;0;Fa 265302;7.3125;B96 B98;S
155;0;1;male;1971.0;0;1;PC 17597;61.3792;B96 B98;C
156;1;3;female;2006.0;0;0;35851;7.7333;B96 B98;Q
157;0;3;male;1992.0;0;0;SOTON/OQ 392090;8.05;B96 B98;S
158;0;3;male;1992.3008823529412;0;0;315037;8.6625;B96 B98;S
159;0;3;male;1992.3008823529412;8;2;CA. 2343;69.55;B96 B98;S
160;0;3;male;1978.0;0;1;371362;16.1;B96 B98;S
161;1;2;female;1982.0;0;0;C.A. 33595;15.75;B96 B98;S
162;0;3;male;1996.0;0;0;347068;7.775;B96 B98;S
163;0;3;male;2005.0;0;0;315093;8.6625;B96 B98;S
164;0;3;male;2021.0;4;1;3101295;39.6875;B96 B98;S
165;1;3;male;2013.0;0;2;363291;20.525;B96 B98;S
166;1;1;female;1992.3008823529412;0;1;113505;55.0;E33;S
167;0;3;female;1977.0;1;4;347088;27.9;B96 B98;S
168;0;1;male;1992.3008823529412;0;0;PC 17318;25.925;B96 B98;S
169;0;3;male;1994.0;0;0;1601;56.4958;B96 B98;S
170;0;1;male;1961.0;0;0;111240;33.5;B19;S
171;0;3;male;2018.0;4;1;382652;29.125;B96 B98;Q
172;1;3;female;2021.0;1;1;347742;11.1333;B96 B98;S
173;0;3;male;2001.0;0;0;STON/O 2. 3101280;7.925;B96 B98;S
174;0;1;male;1966.0;0;0;17764;30.6958;A7;C
175;0;3;male;2004.0;1;1;350404;7.8542;B96 B98;S
176;0;3;male;1992.3008823529412;3;1;4133;25.4667;B96 B98;S
177;0;1;female;1972.0;0;0;PC 17595;28.7125;C49;C
178;0;2;male;1992.0;0;0;250653;13.0;B96 B98;S
179;0;3;male;1986.0;0;0;LINE;0.0;B96 B98;S
180;0;3;female;1992.3008823529412;8;2;CA. 2343;69.55;B96 B98;S
181;0;2;male;1992.3008823529412;0;0;SC/PARIS 2131;15.05;B96 B98;C
182;0;3;male;2013.0;4;2;347077;31.3875;B96 B98;S
183;1;2;male;2021.0;2;1;230136;39.0;F4;S
184;1;3;female;2018.0;0;2;315153;22.025;B96 B98;S
185;0;1;male;1992.3008823529412;0;0;113767;50.0;A32;S
186;1;3;female;1992.3008823529412;1;0;370365;15.5;B96 B98;Q
187;1;1;male;1977.0;0;0;111428;26.55;B96 B98;S
188;0;3;male;1982.0;1;1;364849;15.5;B96 B98;Q
189;0;3;male;1986.0;0;0;349247;7.8958;B96 B98;S
190;1;2;female;1990.0;0;0;234604;13.0;B96 B98;S
191;0;2;male;2003.0;0;0;28424;13.0;B96 B98;S
192;1;3;female;2003.0;1;0;350046;7.8542;B96 B98;S
193;1;2;male;2019.0;1;1;230080;26.0;F2;S
194;1;1;female;1978.0;0;0;PC 17610;27.7208;B4;C
195;1;1;female;1964.0;0;0;PC 17569;146.5208;B80;C
196;0;3;male;1992.3008823529412;0;0;368703;7.75;B96 B98;Q
197;0;3;male;1980.0;0;1;4579;8.4042;B96 B98;S
198;1;3;female;1992.3008823529412;0;0;370370;7.75;B96 B98;Q
199;0;2;female;1998.0;0;0;248747;13.0;B96 B98;S
200;0;3;male;1994.0;0;0;345770;9.5;B96 B98;S
201;0;3;male;1992.3008823529412;8;2;CA. 2343;69.55;B96 B98;S
202;0;3;male;1988.0;0;0;3101264;6.4958;B96 B98;S
203;0;3;male;1976.5;0;0;2628;7.225;B96 B98;C
204;1;3;male;2004.0;0;0;A/5 3540;8.05;B96 B98;S
205;0;3;female;2020.0;0;1;347054;10.4625;G6;S
206;0;3;male;1990.0;1;0;3101278;15.85;B96 B98;S
207;1;3;male;1996.0;0;0;2699;18.7875;B96 B98;C
208;1;3;female;2006.0;0;0;367231;7.75;B96 B98;Q
209;1;1;male;1982.0;0;0;112277;31.0;A31;C
210;0;3;male;1998.0;0;0;SOTON/O.Q. 3101311;7.05;B96 B98;S
211;1;2;female;1987.0;0;0;F.C.C. 13528;21.0;B96 B98;S
212;0;3;male;2000.0;0;0;A/5 21174;7.25;B96 B98;S
213;0;2;male;1992.0;0;0;250646;13.0;B96 B98;S
214;0;3;male;1992.3008823529412;1;0;367229;7.75;B96 B98;Q
215;1;1;female;1991.0;1;0;35273;113.275;D36;C
216;1;3;female;1995.0;0;0;STON/O2. 3101283;7.925;B96 B98;S
217;0;2;male;1980.0;1;0;243847;27.0;B96 B98;S
218;1;1;female;1990.0;0;0;11813;76.2917;D15;C
219;0;2;male;1992.0;0;0;W/C 14208;10.5;B96 B98;S
220;1;3;male;2006.0;0;0;SOTON/OQ 392089;8.05;B96 B98;S
221;0;2;male;1995.0;0;0;220367;13.0;B96 B98;S
222;0;3;male;1971.0;0;0;21440;8.05;B96 B98;S
223;0;3;male;1992.3008823529412;0;0;349234;7.8958;B96 B98;S
224;1;1;male;1984.0;1;0;19943;90.0;C93;S
225;0;3;male;2000.0;0;0;PP 4348;9.35;B96 B98;S
226;1;2;male;2003.0;0;0;SW/PP 751;10.5;B96 B98;S
227;0;3;male;2001.5;0;0;A/5 21173;7.25;B96 B98;S
228;0;2;male;2004.0;0;0;236171;13.0;B96 B98;S
229;0;3;female;1992.3008823529412;3;1;4133;25.4667;B96 B98;S
230;1;1;female;1987.0;1;0;36973;83.475;C83;S
231;0;3;male;1993.0;0;0;347067;7.775;B96 B98;S
232;0;2;male;1963.0;0;0;237442;13.5;B96 B98;S
233;1;3;female;2017.0;4;2;347077;31.3875;B96 B98;S
234;0;2;male;1998.0;0;0;C.A. 29566;10.5;B96 B98;S
235;0;3;female;1992.3008823529412;0;0;W./C. 6609;7.55;B96 B98;S
236;0;2;male;1978.0;1;0;26707;26.0;B96 B98;S
237;1;2;female;2014.0;0;2;C.A. 31921;26.25;B96 B98;S
238;0;2;male;2003.0;0;0;28665;10.5;B96 B98;S
239;0;2;male;1989.0;0;0;SCO/W 1585;12.275;B96 B98;S
240;0;3;female;1992.3008823529412;1;0;2665;14.4542;B96 B98;C
241;1;3;female;1992.3008823529412;1;0;367230;15.5;B96 B98;Q
242;0;2;male;1993.0;0;0;W./C. 14263;10.5;B96 B98;S
243;0;3;male;2000.0;0;0;STON/O 2. 3101275;7.125;B96 B98;S
244;0;3;male;1992.0;0;0;2694;7.225;B96 B98;C
245;0;1;male;1978.0;2;0;19928;90.0;C78;Q
246;0;3;female;1997.0;0;0;347071;7.775;B96 B98;S
247;1;2;female;1998.0;0;2;250649;14.5;B96 B98;S
248;1;1;male;1985.0;1;1;11751;52.5542;D35;S
249;0;2;male;1968.0;1;0;244252;26.0;B96 B98;S
250;0;3;male;1992.3008823529412;0;0;362316;7.25;B96 B98;S
251;0;3;female;1993.0;1;1;347054;10.4625;G6;S
252;0;1;male;1960.0;0;0;113514;26.55;C87;S
253;0;3;male;1992.0;1;0;A/5. 3336;16.1;B96 B98;S
254;0;3;female;1981.0;0;2;370129;20.2125;B96 B98;S
255;1;3;female;1993.0;0;2;2650;15.2458;B96 B98;C
256;1;1;female;1992.3008823529412;0;0;PC 17585;79.2;B96 B98;C
257;1;1;female;1992.0;0;0;110152;86.5;B77;S
258;1;1;female;1987.0;0;0;PC 17755;512.3292;B96 B98;C
259;1;2;female;1972.0;0;1;230433;26.0;B96 B98;S
260;0;3;male;1992.3008823529412;0;0;384461;7.75;B96 B98;Q
261;1;3;male;2019.0;4;2;347077;31.3875;B96 B98;S
262;0;1;male;1970.0;1;1;110413;79.65;E67;S
263;0;1;male;1982.0;0;0;112059;0.0;B94;S
264;0;3;female;1992.3008823529412;0;0;382649;7.75;B96 B98;Q
265;0;2;male;1986.0;0;0;C.A. 17248;10.5;B96 B98;S
266;0;3;male;2006.0;4;1;3101295;39.6875;B96 B98;S
267;1;3;male;1997.0;1;0;347083;7.775;B96 B98;S
268;1;1;female;1964.0;0;1;PC 17582;153.4625;C125;S
269;1;1;female;1987.0;0;0;PC 17760;135.6333;C99;S
270;0;1;male;1992.3008823529412;0;0;113798;31.0;B96 B98;S
271;1;3;male;1997.0;0;0;LINE;0.0;B96 B98;S
272;1;2;female;1981.0;0;1;250644;19.5;B96 B98;S
273;0;1;male;1985.0;0;1;PC 17596;29.7;C118;C
274;1;3;female;1992.3008823529412;0;0;370375;7.75;B96 B98;Q
275;1;1;female;1959.0;1;0;13502;77.9583;D7;S
276;0;3;female;1977.0;0;0;347073;7.75;B96 B98;S
277;0;2;male;1992.3008823529412;0;0;239853;0.0;B96 B98;S
278;0;3;male;2015.0;4;1;382652;29.125;B96 B98;Q
279;1;3;female;1987.0;1;1;C.A. 2673;20.25;B96 B98;S
280;0;3;male;1957.0;0;0;336439;7.75;B96 B98;Q
281;0;3;male;1994.0;0;0;347464;7.8542;B96 B98;S
282;0;3;male;2006.0;0;0;345778;9.5;B96 B98;S
283;1;3;male;2003.0;0;0;A/5. 10482;8.05;B96 B98;S
284;0;1;male;1992.3008823529412;0;0;113056;26.0;A19;S
285;0;3;male;1989.0;0;0;349239;8.6625;B96 B98;C
286;1;3;male;1992.0;0;0;345774;9.5;B96 B98;S
287;0;3;male;2000.0;0;0;349206;7.8958;B96 B98;S
288;1;2;male;1980.0;0;0;237798;13.0;B96 B98;S
289;1;3;female;2000.0;0;0;370373;7.75;B96 B98;Q
290;1;1;female;1996.0;0;0;19877;78.85;B96 B98;S
291;1;1;female;2003.0;1;0;11967;91.0792;B49;C
292;0;2;male;1986.0;0;0;SC/Paris 2163;12.875;D;C
293;0;3;female;1998.0;0;0;349236;8.85;B96 B98;S
294;0;3;male;1998.0;0;0;349233;7.8958;B96 B98;S
295;0;1;male;1992.3008823529412;0;0;PC 17612;27.7208;B96 B98;C
296;0;3;male;1998.5;0;0;2693;7.2292;B96 B98;C
297;0;1;female;2020.0;1;2;113781;151.55;C22 C26;S
298;1;1;male;1992.3008823529412;0;0;19988;30.5;C106;S
299;1;1;female;1972.0;0;1;PC 17558;247.5208;B58 B60;C
300;1;3;female;1992.3008823529412;0;0;9234;7.75;B96 B98;Q
301;1;3;male;1992.3008823529412;2;0;367226;23.25;B96 B98;Q
302;0;3;male;2003.0;0;0;LINE;0.0;B96 B98;S
303;1;2;female;1992.3008823529412;0;0;226593;12.35;E101;Q
304;0;3;male;1992.3008823529412;0;0;A/5 2466;8.05;B96 B98;S
305;1;1;male;2021.08;1;2;113781;151.55;C22 C26;S
306;1;1;female;1992.3008823529412;0;0;17421;110.8833;B96 B98;C
307;1;1;female;2005.0;1;0;PC 17758;108.9;C65;C
308;0;2;male;1992.0;1;0;P/PP 3381;24.0;B96 B98;C
309;1;1;female;1992.0;0;0;PC 17485;56.9292;E36;C
310;1;1;female;1998.0;0;0;11767;83.1583;C54;C
311;1;1;female;2004.0;2;2;PC 17608;262.375;B57 B59 B63 B66;C
312;0;2;female;1996.0;1;1;250651;26.0;B96 B98;S
313;0;3;male;1994.0;0;0;349243;7.8958;B96 B98;S
314;0;2;male;1979.0;1;1;F.C.C. 13529;26.25;B96 B98;S
315;1;3;female;1996.0;0;0;347470;7.8542;B96 B98;S
316;1;2;female;1998.0;1;0;244367;26.0;B96 B98;S
317;0;2;male;1968.0;0;0;29011;14.0;B96 B98;S
318;1;1;female;1991.0;0;2;36928;164.8667;C7;S
319;1;1;female;1982.0;1;1;16966;134.5;E34;C
320;0;3;male;2000.0;0;0;A/5 21172;7.25;B96 B98;S
321;0;3;male;1995.0;0;0;349219;7.8958;B96 B98;S
322;1;2;female;1992.0;0;0;234818;12.35;B96 B98;Q
323;1;2;female;2000.0;1;1;248738;29.0;B96 B98;S
324;0;3;male;1992.3008823529412;8;2;CA. 2343;69.55;B96 B98;S
325;1;1;female;1986.0;0;0;PC 17760;135.6333;C32;C
326;0;3;male;1961.0;0;0;345364;6.2375;B96 B98;S
327;1;2;female;1986.0;0;0;28551;13.0;D;S
328;1;3;female;1991.0;1;1;363291;20.525;B96 B98;S
329;1;1;female;2006.0;0;1;111361;57.9792;B18;C
330;1;3;female;1992.3008823529412;2;0;367226;23.25;B96 B98;Q
331;0;1;male;1976.5;0;0;113043;28.5;C124;S
332;0;1;male;1984.0;0;1;PC 17582;153.4625;C91;S
333;0;3;male;2006.0;2;0;345764;18.0;B96 B98;S
334;1;1;female;1992.3008823529412;1;0;PC 17611;133.65;B96 B98;S
335;0;3;male;1992.3008823529412;0;0;349225;7.8958;B96 B98;S
336;0;1;male;1993.0;1;0;113776;66.6;C2;S
337;1;1;female;1981.0;0;0;16966;134.5;E40;C
338;1;3;male;1977.0;0;0;7598;8.05;B96 B98;S
339;0;1;male;1977.0;0;0;113784;35.5;T;S
340;1;2;male;2020.0;1;1;230080;26.0;F2;S
341;1;1;female;1998.0;3;2;19950;263.0;C23 C25 C27;S
342;0;2;male;1994.0;0;0;248740;13.0;B96 B98;S
343;0;2;male;1997.0;0;0;244361;13.0;B96 B98;S
344;0;2;male;1986.0;0;0;229236;13.0;B96 B98;S
345;1;2;female;1998.0;0;0;248733;13.0;F33;S
346;1;2;female;1982.0;0;0;31418;13.0;B96 B98;S
347;1;3;female;1992.3008823529412;1;0;386525;16.1;B96 B98;S
348;1;3;male;2019.0;1;1;C.A. 37671;15.9;B96 B98;S
349;0;3;male;1980.0;0;0;315088;8.6625;B96 B98;S
350;0;3;male;1999.0;0;0;7267;9.225;B96 B98;S
351;0;1;male;1992.3008823529412;0;0;113510;35.0;C128;S
352;0;3;male;2007.0;1;1;2695;7.2292;B96 B98;C
353;0;3;male;1997.0;1;0;349237;17.8;B96 B98;S
354;0;3;male;1992.3008823529412;0;0;2647;7.225;B96 B98;C
355;0;3;male;1994.0;0;0;345783;9.5;B96 B98;S
356;1;1;female;2000.0;0;1;113505;55.0;E33;S
357;0;2;female;1984.0;0;0;237671;13.0;B96 B98;S
358;1;3;female;1992.3008823529412;0;0;330931;7.8792;B96 B98;Q
359;1;3;female;1992.3008823529412;0;0;330980;7.8792;B96 B98;Q
360;0;3;male;1982.0;1;4;347088;27.9;B96 B98;S
361;0;2;male;1993.0;1;0;SC/PARIS 2167;27.7208;B96 B98;C
362;0;3;female;1977.0;0;1;2691;14.4542;B96 B98;C
363;0;3;male;1987.0;0;0;SOTON/O.Q. 3101310;7.05;B96 B98;S
364;0;3;male;1992.3008823529412;1;0;370365;15.5;B96 B98;Q
365;0;3;male;1992.0;0;0;C 7076;7.25;B96 B98;S
366;1;1;female;1962.0;1;0;110813;75.25;D37;C
367;1;3;female;1992.3008823529412;0;0;2626;7.2292;B96 B98;C
368;1;3;female;1992.3008823529412;0;0;14313;7.75;B96 B98;Q
369;1;1;female;1998.0;0;0;PC 17477;69.3;B35;C
370;1;1;male;1997.0;1;0;11765;55.4417;E50;C
371;0;3;male;2004.0;1;0;3101267;6.4958;B96 B98;S
372;0;3;male;2003.0;0;0;323951;8.05;B96 B98;S
373;0;1;male;2000.0;0;0;PC 17760;135.6333;B96 B98;C
374;0;3;female;2019.0;3;1;349909;21.075;B96 B98;S
375;1;1;female;1992.3008823529412;1;0;PC 17604;82.1708;B96 B98;C
376;1;3;female;2000.0;0;0;C 7077;7.25;B96 B98;S
377;0;1;male;1995.0;0;2;113503;211.5;C82;C
378;0;3;male;2002.0;0;0;2648;4.0125;B96 B98;C
379;0;3;male;2003.0;0;0;347069;7.775;B96 B98;S
380;1;1;female;1980.0;0;0;PC 17757;227.525;B96 B98;C
381;1;3;female;2021.0;0;2;2653;15.7417;B96 B98;C
382;0;3;male;1990.0;0;0;STON/O 2. 3101293;7.925;B96 B98;S
383;1;1;female;1987.0;1;0;113789;52.0;B96 B98;S
384;0;3;male;1992.3008823529412;0;0;349227;7.8958;B96 B98;S
385;0;2;male;2004.0;0;0;S.O.C. 14879;73.5;B96 B98;S
386;0;3;male;2021.0;5;2;CA 2144;46.9;B96 B98;S
387;1;2;female;1986.0;0;0;27849;13.0;B96 B98;S
388;0;3;male;1992.3008823529412;0;0;367655;7.7292;B96 B98;Q
389;1;2;female;2005.0;0;0;SC 1748;12.0;B96 B98;C
390;1;1;male;1986.0;1;2;113760;120.0;B96 B98;S
391;1;3;male;2001.0;0;0;350034;7.7958;B96 B98;S
392;0;3;male;1994.0;2;0;3101277;7.925;B96 B98;S
393;1;1;female;1999.0;1;0;35273;113.275;D36;C
394;1;3;female;1998.0;0;2;PP 9549;16.7;G6;S
395;0;3;male;2000.0;0;0;350052;7.7958;B96 B98;S
396;0;3;female;1991.0;0;0;350407;7.8542;B96 B98;S
397;0;2;male;1976.0;0;0;28403;26.0;B96 B98;S
398;0;2;male;1999.0;0;0;244278;10.5;B96 B98;S
399;1;2;female;1994.0;0;0;240929;12.65;B96 B98;S
400;1;3;male;1983.0;0;0;STON/O 2. 3101289;7.925;B96 B98;S
401;0;3;male;1996.0;0;0;341826;8.05;B96 B98;S
402;0;3;female;2001.0;1;0;4137;9.825;B96 B98;S
403;0;3;male;1994.0;1;0;STON/O2. 3101279;15.85;B96 B98;S
404;0;3;female;2002.0;0;0;315096;8.6625;B96 B98;S
405;0;2;male;1988.0;1;0;28664;21.0;B96 B98;S
406;0;3;male;1971.0;0;0;347064;7.75;B96 B98;S
407;1;2;male;2019.0;1;1;29106;18.75;B96 B98;S
408;0;3;male;2001.0;0;0;312992;7.775;B96 B98;S
409;0;3;female;1992.3008823529412;3;1;4133;25.4667;B96 B98;S
410;0;3;male;1992.3008823529412;0;0;349222;7.8958;B96 B98;S
411;0;3;male;1992.3008823529412;0;0;394140;6.8583;B96 B98;Q
412;1;1;female;1989.0;1;0;19928;90.0;C78;Q
413;0;2;male;1992.3008823529412;0;0;239853;0.0;B96 B98;S
414;1;3;male;1978.0;0;0;STON/O 2. 3101269;7.925;B96 B98;S
415;0;3;female;1992.3008823529412;0;0;343095;8.05;B96 B98;S
416;1;2;female;1988.0;1;1;28220;32.5;B96 B98;S
417;1;2;female;2004.0;0;2;250652;13.0;B96 B98;S
418;0;2;male;1992.0;0;0;28228;13.0;B96 B98;S
419;0;3;female;2012.0;0;2;345773;24.15;B96 B98;S
420;0;3;male;1992.3008823529412;0;0;349254;7.8958;B96 B98;C
421;0;3;male;2001.0;0;0;A/5. 13032;7.7333;B96 B98;Q
422;0;3;male;1993.0;0;0;315082;7.875;B96 B98;S
423;0;3;female;1994.0;1;1;347080;14.4;B96 B98;S
424;0;3;male;2004.0;1;1;370129;20.2125;B96 B98;S
425;0;3;male;1992.3008823529412;0;0;A/4. 34244;7.25;B96 B98;S
426;1;2;female;1994.0;1;0;2003;26.0;B96 B98;S
427;1;2;female;2003.0;0;0;250655;26.0;B96 B98;S
428;0;3;male;1992.3008823529412;0;0;364851;7.75;B96 B98;Q
429;1;3;male;1990.0;0;0;SOTON/O.Q. 392078;8.05;E10;S
430;1;1;male;1994.0;0;0;110564;26.55;C52;S
431;1;3;female;1992.3008823529412;1;0;376564;16.1;B96 B98;S
432;1;2;female;1980.0;1;0;SC/AH 3085;26.0;B96 B98;S
433;0;3;male;2005.0;0;0;STON/O 2. 3101274;7.125;B96 B98;S
434;0;1;male;1972.0;1;0;13507;55.9;E44;S
435;1;1;female;2008.0;1;2;113760;120.0;B96 B98;S
436;0;3;female;2001.0;2;2;W./C. 6608;34.375;B96 B98;S
437;1;2;female;1998.0;2;3;29106;18.75;B96 B98;S
438;0;1;male;1958.0;1;4;19950;263.0;C23 C25 C27;S
439;0;2;male;1991.0;0;0;C.A. 18723;10.5;B96 B98;S
440;1;2;female;1977.0;1;1;F.C.C. 13529;26.25;B96 B98;S
441;0;3;male;2002.0;0;0;345769;9.5;B96 B98;S
442;0;3;male;1997.0;1;0;347076;7.775;B96 B98;S
443;1;2;female;1994.0;0;0;230434;13.0;B96 B98;S
444;1;3;male;1992.3008823529412;0;0;65306;8.1125;B96 B98;S
445;1;1;male;2018.0;0;2;33638;81.8583;A34;S
446;1;2;female;2009.0;0;1;250644;19.5;B96 B98;S
447;1;1;male;1988.0;0;0;113794;26.55;B96 B98;S
448;1;3;female;2017.0;2;1;2666;19.2583;B96 B98;C
449;1;1;male;1970.0;0;0;113786;30.5;C104;S
450;0;2;male;1986.0;1;2;C.A. 34651;27.75;B96 B98;S
451;0;3;male;1992.3008823529412;1;0;65303;19.9667;B96 B98;S
452;0;1;male;1992.0;0;0;113051;27.75;C111;C
453;1;1;male;1973.0;1;0;17453;89.1042;C92;C
454;0;3;male;1992.3008823529412;0;0;A/5 2817;8.05;B96 B98;S
455;1;3;male;1993.0;0;0;349240;7.8958;B96 B98;C
456;0;1;male;1957.0;0;0;13509;26.55;E38;S
457;1;1;female;1992.3008823529412;1;0;17464;51.8625;D21;S
458;1;2;female;1972.0;0;0;F.C.C. 13531;10.5;B96 B98;S
459;0;3;male;1992.3008823529412;0;0;371060;7.75;B96 B98;Q
460;1;1;male;1974.0;0;0;19952;26.55;E12;S
461;0;3;male;1988.0;0;0;364506;8.05;B96 B98;S
462;0;1;male;1975.0;0;0;111320;38.5;E63;S
463;0;2;male;1974.0;0;0;234360;13.0;B96 B98;S
464;0;3;male;1992.3008823529412;0;0;A/S 2816;8.05;B96 B98;S
465;0;3;male;1984.0;0;0;SOTON/O.Q. 3101306;7.05;B96 B98;S
466;0;2;male;1992.3008823529412;0;0;239853;0.0;B96 B98;S
467;0;1;male;1966.0;0;0;113792;26.55;B96 B98;S
468;0;3;male;1992.3008823529412;0;0;36209;7.725;B96 B98;Q
469;1;3;female;2021.25;2;1;2666;19.2583;B96 B98;C
470;0;3;male;1992.3008823529412;0;0;323592;7.25;B96 B98;S
471;0;3;male;1984.0;0;0;315089;8.6625;B96 B98;S
472;1;2;female;1989.0;1;2;C.A. 34651;27.75;B96 B98;S
473;1;2;female;1999.0;0;0;SC/AH Basle 541;13.7917;D;C
474;0;3;female;2000.0;0;0;7553;9.8375;B96 B98;S
475;0;1;male;1992.3008823529412;0;0;110465;52.0;A14;S
476;0;2;male;1988.0;1;0;31027;21.0;B96 B98;S
477;0;3;male;1993.0;1;0;3460;7.0458;B96 B98;S
478;0;3;male;2000.0;0;0;350060;7.5208;B96 B98;S
479;1;3;female;2020.0;0;1;3101298;12.2875;B96 B98;S
480;0;3;male;2013.0;5;2;CA 2144;46.9;B96 B98;S
481;0;2;male;1992.3008823529412;0;0;239854;0.0;B96 B98;S
482;0;3;male;1972.0;0;0;A/5 3594;8.05;B96 B98;S
483;1;3;female;1959.0;0;0;4134;9.5875;B96 B98;S
484;1;1;male;1997.0;1;0;11967;91.0792;B49;C
485;0;3;female;1992.3008823529412;3;1;4133;25.4667;B96 B98;S
486;1;1;female;1987.0;1;0;19943;90.0;C93;S
487;0;1;male;1964.0;0;0;11771;29.7;B37;C
488;0;3;male;1992.0;0;0;A.5. 18509;8.05;B96 B98;S
489;1;3;male;2013.0;1;1;C.A. 37671;15.9;B96 B98;S
490;0;3;male;1992.3008823529412;1;0;65304;19.9667;B96 B98;S
491;0;3;male;2001.0;0;0;SOTON/OQ 3101317;7.25;B96 B98;S
492;0;1;male;1967.0;0;0;113787;30.5;C30;S
493;0;1;male;1951.0;0;0;PC 17609;49.5042;B96 B98;C
494;0;3;male;2001.0;0;0;A/4 45380;8.05;B96 B98;S
495;0;3;male;1992.3008823529412;0;0;2627;14.4583;B96 B98;C
496;1;1;female;1968.0;1;0;36947;78.2667;D20;C
497;0;3;male;1992.3008823529412;0;0;C.A. 6212;15.1;B96 B98;S
498;0;1;female;1997.0;1;2;113781;151.55;C22 C26;S
499;0;3;male;1998.0;0;0;350035;7.7958;B96 B98;S
500;0;3;male;2005.0;0;0;315086;8.6625;B96 B98;S
501;0;3;female;2001.0;0;0;364846;7.75;B96 B98;Q
502;0;3;female;1992.3008823529412;0;0;330909;7.6292;B96 B98;Q
503;0;3;female;1985.0;0;0;4135;9.5875;B96 B98;S
504;1;1;female;2006.0;0;0;110152;86.5;B79;S
505;0;1;male;2004.0;1;0;PC 17758;108.9;C65;C
506;1;2;female;1989.0;0;2;26360;26.0;B96 B98;S
507;1;1;male;1992.3008823529412;0;0;111427;26.55;B96 B98;S
508;0;3;male;1994.0;0;0;C 4001;22.525;B96 B98;S
509;1;3;male;1996.0;0;0;1601;56.4958;B96 B98;S
510;1;3;male;1993.0;0;0;382651;7.75;B96 B98;Q
511;0;3;male;1992.3008823529412;0;0;SOTON/OQ 3101316;8.05;B96 B98;S
512;1;1;male;1986.0;0;0;PC 17473;26.2875;E25;S
513;1;1;female;1968.0;1;0;PC 17603;59.4;B96 B98;C
514;0;3;male;1998.0;0;0;349209;7.4958;B96 B98;S
515;0;1;male;1975.0;0;0;36967;34.0208;D46;S
516;1;2;female;1988.0;0;0;C.A. 34260;10.5;F33;S
517;0;3;male;1992.3008823529412;0;0;371110;24.15;B96 B98;Q
518;1;2;female;1986.0;1;0;226875;26.0;B96 B98;S
519;0;3;male;1990.0;0;0;349242;7.8958;B96 B98;S
520;1;1;female;1992.0;0;0;12749;93.5;B73;S
521;0;3;male;2000.0;0;0;349252;7.8958;B96 B98;S
522;0;3;male;1992.3008823529412;0;0;2624;7.225;B96 B98;C
523;1;1;female;1978.0;0;1;111361;57.9792;B18;C
524;0;3;male;1992.3008823529412;0;0;2700;7.2292;B96 B98;C
525;0;3;male;1981.5;0;0;367232;7.75;B96 B98;Q
526;1;2;female;1972.0;0;0;W./C. 14258;10.5;B96 B98;S
527;0;1;male;1992.3008823529412;0;0;PC 17483;221.7792;C95;S
528;0;3;male;1983.0;0;0;3101296;7.925;B96 B98;S
529;0;2;male;1999.0;2;1;29104;11.5;B96 B98;S
530;1;2;female;2020.0;1;1;26360;26.0;B96 B98;S
531;0;3;male;1992.3008823529412;0;0;2641;7.2292;B96 B98;C
532;0;3;male;2005.0;1;1;2690;7.2292;B96 B98;C
533;1;3;female;1992.3008823529412;0;2;2668;22.3583;B96 B98;C
534;0;3;female;1992.0;0;0;315084;8.6625;B96 B98;S
535;1;2;female;2015.0;0;2;F.C.C. 13529;26.25;B96 B98;S
536;0;1;male;1977.0;0;0;113050;26.55;B38;S
537;1;1;female;1992.0;0;0;PC 17761;106.425;B96 B98;C
538;0;3;male;1992.3008823529412;0;0;364498;14.5;B96 B98;S
539;1;1;female;2000.0;0;2;13568;49.5;B39;C
540;1;1;female;1986.0;0;2;WE/P 5735;71.0;B22;S
541;0;3;female;2013.0;4;2;347082;31.275;B96 B98;S
542;0;3;female;2011.0;4;2;347082;31.275;B96 B98;S
543;1;2;male;1990.0;1;0;2908;26.0;B96 B98;S
544;0;1;male;1972.0;1;0;PC 17761;106.425;C86;C
545;0;1;male;1958.0;0;0;693;26.0;B96 B98;S
546;1;2;female;2003.0;1;0;2908;26.0;B96 B98;S
547;1;2;male;1992.3008823529412;0;0;SC/PARIS 2146;13.8625;B96 B98;C
548;0;3;male;1989.0;1;1;363291;20.525;B96 B98;S
549;1;2;male;2014.0;1;1;C.A. 33112;36.75;B96 B98;S
550;1;1;male;2005.0;0;2;17421;110.8833;C70;C
551;0;2;male;1995.0;0;0;244358;26.0;B96 B98;S
552;0;3;male;1992.3008823529412;0;0;330979;7.8292;B96 B98;Q
553;1;3;male;2000.0;0;0;2620;7.225;B96 B98;C
554;1;3;female;2000.0;0;0;347085;7.775;B96 B98;S
555;0;1;male;1960.0;0;0;113807;26.55;B96 B98;S
556;1;1;female;1974.0;1;0;11755;39.6;A16;C
557;0;1;male;1992.3008823529412;0;0;PC 17757;227.525;B96 B98;C
558;1;1;female;1983.0;1;1;110413;79.65;E67;S
559;1;3;female;1986.0;1;0;345572;17.4;B96 B98;S
560;0;3;male;1992.3008823529412;0;0;372622;7.75;B96 B98;Q
561;0;3;male;1982.0;0;0;349251;7.8958;B96 B98;S
562;0;2;male;1994.0;0;0;218629;13.5;B96 B98;S
563;0;3;male;1992.3008823529412;0;0;SOTON/OQ 392082;8.05;B96 B98;S
564;0;3;female;1992.3008823529412;0;0;SOTON/O.Q. 392087;8.05;B96 B98;S
565;0;3;male;1998.0;2;0;A/4 48871;24.15;B96 B98;S
566;0;3;male;2003.0;0;0;349205;7.8958;B96 B98;S
567;0;3;female;1993.0;0;4;349909;21.075;B96 B98;S
568;0;3;male;1992.3008823529412;0;0;2686;7.2292;B96 B98;C
569;1;3;male;1990.0;0;0;350417;7.8542;B96 B98;S
570;1;2;male;1960.0;0;0;S.W./PP 752;10.5;B96 B98;S
571;1;1;female;1969.0;2;0;11769;51.4792;C101;S
572;1;1;male;1986.0;0;0;PC 17474;26.3875;E25;S
573;1;3;female;1992.3008823529412;0;0;14312;7.75;B96 B98;Q
574;0;3;male;2006.0;0;0;A/4. 20589;8.05;B96 B98;S
575;0;3;male;2003.0;0;0;358585;14.5;B96 B98;S
576;1;2;female;1988.0;0;0;243880;13.0;B96 B98;S
577;1;1;female;1983.0;1;0;13507;55.9;E44;S
578;0;3;female;1992.3008823529412;1;0;2689;14.4583;B96 B98;C
579;1;3;male;1990.0;0;0;STON/O 2. 3101286;7.925;B96 B98;S
580;1;2;female;1997.0;1;1;237789;30.0;B96 B98;S
581;1;1;female;1983.0;1;1;17421;110.8833;C68;C
582;0;2;male;1968.0;0;0;28403;26.0;B96 B98;S
583;0;1;male;1986.0;0;0;13049;40.125;A10;C
584;0;3;male;1992.3008823529412;0;0;3411;8.7125;B96 B98;C
585;1;1;female;2004.0;0;2;110413;79.65;E68;S
586;0;2;male;1975.0;0;0;237565;15.0;B96 B98;S
587;1;1;male;1962.0;1;1;13567;79.2;B41;C
588;0;3;male;2000.0;0;0;14973;8.05;B96 B98;S
589;0;3;male;1992.3008823529412;0;0;A./5. 3235;8.05;B96 B98;S
590;0;3;male;1987.0;0;0;STON/O 2. 3101273;7.125;B96 B98;S
591;1;1;female;1970.0;1;0;36947;78.2667;D20;C
592;0;3;male;1975.0;0;0;A/5 3902;7.25;B96 B98;S
593;0;3;female;1992.3008823529412;0;2;364848;7.75;B96 B98;Q
594;0;2;male;1985.0;1;0;SC/AH 29037;26.0;B96 B98;S
595;0;3;male;1986.0;1;1;345773;24.15;B96 B98;S
596;1;2;female;1992.3008823529412;0;0;248727;33.0;B96 B98;S
597;0;3;male;1973.0;0;0;LINE;0.0;B96 B98;S
598;0;3;male;1992.3008823529412;0;0;2664;7.225;B96 B98;C
599;1;1;male;1973.0;1;0;PC 17485;56.9292;A20;C
600;1;2;female;1998.0;2;1;243847;27.0;B96 B98;S
601;0;3;male;1992.3008823529412;0;0;349214;7.8958;B96 B98;S
602;0;1;male;1992.3008823529412;0;0;113796;42.4;B96 B98;S
603;0;3;male;1978.0;0;0;364511;8.05;B96 B98;S
604;1;1;male;1987.0;0;0;111426;26.55;B96 B98;C
605;0;3;male;1986.0;1;0;349910;15.55;B96 B98;S
606;0;3;male;1992.0;0;0;349246;7.8958;B96 B98;S
607;1;1;male;1995.0;0;0;113804;30.5;B96 B98;S
608;1;2;female;2000.0;1;2;SC/Paris 2123;41.5792;B96 B98;C
609;1;1;female;1982.0;0;0;PC 17582;153.4625;C125;S
610;0;3;female;1983.0;1;5;347082;31.275;B96 B98;S
611;0;3;male;1992.3008823529412;0;0;SOTON/O.Q. 3101305;7.05;B96 B98;S
612;1;3;female;1992.3008823529412;1;0;367230;15.5;B96 B98;Q
613;0;3;male;1992.3008823529412;0;0;370377;7.75;B96 B98;Q
614;0;3;male;1987.0;0;0;364512;8.05;B96 B98;S
615;1;2;female;1998.0;1;2;220845;65.0;B96 B98;S
616;0;3;male;1988.0;1;1;347080;14.4;B96 B98;S
617;0;3;female;1996.0;1;0;A/5. 3336;16.1;B96 B98;S
618;1;2;female;2018.0;2;1;230136;39.0;F4;S
619;0;2;male;1996.0;0;0;31028;10.5;B96 B98;S
620;0;3;male;1995.0;1;0;2659;14.4542;B96 B98;C
621;1;1;male;1980.0;1;0;11753;52.5542;D19;S
622;1;3;male;2002.0;1;1;2653;15.7417;B96 B98;C
623;0;3;male;2001.0;0;0;350029;7.8542;B96 B98;S
624;0;3;male;2001.0;0;0;54636;16.1;B96 B98;S
625;0;1;male;1961.0;0;0;36963;32.3208;D50;S
626;0;2;male;1965.0;0;0;219533;12.35;B96 B98;Q
627;1;1;female;2001.0;0;0;13502;77.9583;D9;S
628;0;3;male;1996.0;0;0;349224;7.8958;B96 B98;S
629;0;3;male;1992.3008823529412;0;0;334912;7.7333;B96 B98;Q
630;1;1;male;1942.0;0;0;27042;30.0;A23;S
631;0;3;male;1971.0;0;0;347743;7.0542;B96 B98;S
632;1;1;male;1990.0;0;0;13214;30.5;B50;C
633;0;1;male;1992.3008823529412;0;0;112052;0.0;B96 B98;S
634;0;3;female;2013.0;3;2;347088;27.9;B96 B98;S
635;1;2;female;1994.0;0;0;237668;13.0;B96 B98;S
636;0;3;male;1990.0;0;0;STON/O 2. 3101292;7.925;B96 B98;S
637;0;2;male;1991.0;1;1;C.A. 31921;26.25;B96 B98;S
638;0;3;female;1981.0;0;5;3101295;39.6875;B96 B98;S
639;0;3;male;1992.3008823529412;1;0;376564;16.1;B96 B98;S
640;0;3;male;2002.0;0;0;350050;7.8542;B96 B98;S
641;1;1;female;1998.0;0;0;PC 17477;69.3;B35;C
642;0;3;female;2020.0;3;2;347088;27.9;B96 B98;S
643;1;3;male;1992.3008823529412;0;0;1601;56.4958;B96 B98;S
644;1;3;female;2021.25;2;1;2666;19.2583;B96 B98;C
645;1;1;male;1974.0;1;0;PC 17572;76.7292;D33;C
646;0;3;male;2003.0;0;0;349231;7.8958;B96 B98;S
647;1;1;male;1966.0;0;0;13213;35.5;A26;C
648;0;3;male;1992.3008823529412;0;0;S.O./P.P. 751;7.55;B96 B98;S
649;1;3;female;1999.0;0;0;CA. 2314;7.55;B96 B98;S
650;0;3;male;1992.3008823529412;0;0;349221;7.8958;B96 B98;S
651;1;2;female;2004.0;0;1;231919;23.0;B96 B98;S
652;0;3;male;2001.0;0;0;8475;8.4333;B96 B98;S
653;1;3;female;1992.3008823529412;0;0;330919;7.8292;B96 B98;Q
654;0;3;female;2004.0;0;0;365226;6.75;B96 B98;Q
655;0;2;male;1998.0;2;0;S.O.C. 14879;73.5;B96 B98;S
656;0;3;male;1992.3008823529412;0;0;349223;7.8958;B96 B98;S
657;0;3;female;1990.0;1;1;364849;15.5;B96 B98;Q
658;0;2;male;1999.0;0;0;29751;13.0;B96 B98;S
659;0;1;male;1964.0;0;2;35273;113.275;D48;C
660;1;1;male;1972.0;2;0;PC 17611;133.65;B96 B98;S
661;0;3;male;1982.0;0;0;2623;7.225;B96 B98;C
662;0;1;male;1975.0;0;0;5727;25.5875;E58;S
663;0;3;male;1986.0;0;0;349210;7.4958;B96 B98;S
664;1;3;male;2002.0;1;0;STON/O 2. 3101285;7.925;B96 B98;S
665;0;2;male;1990.0;2;0;S.O.C. 14879;73.5;B96 B98;S
666;0;2;male;1997.0;0;0;234686;13.0;B96 B98;S
667;0;3;male;1992.3008823529412;0;0;312993;7.775;B96 B98;S
668;0;3;male;1979.0;0;0;A/5 3536;8.05;B96 B98;S
669;1;1;female;1992.3008823529412;1;0;19996;52.0;C126;S
670;1;2;female;1982.0;1;1;29750;39.0;B96 B98;S
671;0;1;male;1991.0;1;0;F.C. 12750;52.0;B71;S
672;0;2;male;1952.0;0;0;C.A. 24580;10.5;B96 B98;S
673;1;2;male;1991.0;0;0;244270;13.0;B96 B98;S
674;0;2;male;1992.3008823529412;0;0;239856;0.0;B96 B98;S
675;0;3;male;2004.0;0;0;349912;7.775;B96 B98;S
676;0;3;male;1997.5;0;0;342826;8.05;B96 B98;S
677;1;3;female;2004.0;0;0;4138;9.8417;B96 B98;S
678;0;3;female;1979.0;1;6;CA 2144;46.9;B96 B98;S
679;1;1;male;1986.0;0;1;PC 17755;512.3292;B51 B53 B55;C
680;0;3;female;1992.3008823529412;0;0;330935;8.1375;B96 B98;Q
681;1;1;male;1995.0;0;0;PC 17572;76.7292;D49;C
682;0;3;male;2002.0;0;0;6563;9.225;B96 B98;S
683;0;3;male;2008.0;5;2;CA 2144;46.9;B96 B98;S
684;0;2;male;1962.0;1;1;29750;39.0;B96 B98;S
685;0;2;male;1997.0;1;2;SC/Paris 2123;41.5792;B96 B98;C
686;0;3;male;2008.0;4;1;3101295;39.6875;B96 B98;S
687;0;3;male;2003.0;0;0;349228;10.1708;B96 B98;S
688;0;3;male;2004.0;0;0;350036;7.7958;B96 B98;S
689;1;1;female;2007.0;0;1;24160;211.3375;B5;S
690;1;1;male;1991.0;1;0;17474;57.0;B20;S
691;1;3;female;2018.0;0;1;349256;13.4167;B96 B98;C
692;1;3;male;1992.3008823529412;0;0;1601;56.4958;B96 B98;S
693;0;3;male;1997.0;0;0;2672;7.225;B96 B98;C
694;0;1;male;1962.0;0;0;113800;26.55;B96 B98;S
695;0;2;male;1970.0;0;0;248731;13.5;B96 B98;S
696;0;3;male;1978.0;0;0;363592;8.05;B96 B98;S
697;1;3;female;1992.3008823529412;0;0;35852;7.7333;B96 B98;Q
698;0;1;male;1973.0;1;1;17421;110.8833;C68;C
699;0;3;male;1980.0;0;0;348121;7.65;F G63;S
700;1;1;female;2004.0;1;0;PC 17757;227.525;C62 C64;C
701;1;1;male;1987.0;0;0;PC 17475;26.2875;E24;S
702;0;3;female;2004.0;0;1;2691;14.4542;B96 B98;C
703;0;3;male;1997.0;0;0;36864;7.7417;B96 B98;Q
704;0;3;male;1996.0;1;0;350025;7.8542;B96 B98;S
705;0;2;male;1983.0;0;0;250655;26.0;B96 B98;S
706;1;2;female;1977.0;0;0;223596;13.5;B96 B98;S
707;1;1;male;1980.0;0;0;PC 17476;26.2875;E24;S
708;1;1;female;2000.0;0;0;113781;151.55;B96 B98;S
709;1;3;male;1992.3008823529412;1;1;2661;15.2458;B96 B98;C
710;1;1;female;1998.0;0;0;PC 17482;49.5042;C90;C
711;0;1;male;1992.3008823529412;0;0;113028;26.55;C124;S
712;1;1;male;1974.0;1;0;19996;52.0;C126;S
713;0;3;male;1993.0;0;0;7545;9.4833;B96 B98;S
714;0;2;male;1970.0;0;0;250647;13.0;B96 B98;S
715;0;3;male;2003.0;0;0;348124;7.65;F G73;S
716;1;1;female;1984.0;0;0;PC 17757;227.525;C45;C
717;1;2;female;1995.0;0;0;34218;10.5;E101;S
718;0;3;male;1992.3008823529412;0;0;36568;15.5;B96 B98;Q
719;0;3;male;1989.0;0;0;347062;7.775;B96 B98;S
720;1;2;female;2016.0;0;1;248727;33.0;B96 B98;S
721;0;3;male;2005.0;1;0;350048;7.0542;B96 B98;S
722;0;2;male;1988.0;0;0;12233;13.0;B96 B98;S
723;0;2;male;1972.0;0;0;250643;13.0;B96 B98;S
724;1;1;male;1995.0;1;0;113806;53.1;E8;S
725;0;3;male;2002.0;0;0;315094;8.6625;B96 B98;S
726;1;2;female;1992.0;3;0;31027;21.0;B96 B98;S
727;1;3;female;1992.3008823529412;0;0;36866;7.7375;B96 B98;Q
728;0;2;male;1997.0;1;0;236853;26.0;B96 B98;S
729;0;3;female;1997.0;1;0;STON/O2. 3101271;7.925;B96 B98;S
730;1;1;female;1993.0;0;0;24160;211.3375;B5;S
731;0;3;male;2011.0;0;0;2699;18.7875;B96 B98;C
732;0;2;male;1992.3008823529412;0;0;239855;0.0;B96 B98;S
733;0;2;male;1999.0;0;0;28425;13.0;B96 B98;S
734;0;2;male;1999.0;0;0;233639;13.0;B96 B98;S
735;0;3;male;1993.5;0;0;54636;16.1;B96 B98;S
736;0;3;female;1974.0;1;3;W./C. 6608;34.375;B96 B98;S
737;1;1;male;1987.0;0;0;PC 17755;512.3292;B101;C
738;0;3;male;1992.3008823529412;0;0;349201;7.8958;B96 B98;S
739;0;3;male;1992.3008823529412;0;0;349218;7.8958;B96 B98;S
740;1;1;male;1992.3008823529412;0;0;16988;30.0;D45;S
741;0;1;male;1986.0;1;0;19877;78.85;C46;S
742;1;1;female;2001.0;2;2;PC 17608;262.375;B57 B59 B63 B66;C
743;0;3;male;1998.0;1;0;376566;16.1;B96 B98;S
744;1;3;male;1991.0;0;0;STON/O 2. 3101288;7.925;B96 B98;S
745;0;1;male;1952.0;1;1;WE/P 5735;71.0;B22;S
746;0;3;male;2006.0;1;1;C.A. 2673;20.25;B96 B98;S
747;1;2;female;1992.0;0;0;250648;13.0;B96 B98;S
748;0;1;male;2003.0;1;0;113773;53.1;D30;S
749;0;3;male;1991.0;0;0;335097;7.75;B96 B98;Q
750;1;2;female;2018.0;1;1;29103;23.0;B96 B98;S
751;1;3;male;2016.0;0;1;392096;12.475;E121;S
752;0;3;male;1989.0;0;0;345780;9.5;B96 B98;S
753;0;3;male;1999.0;0;0;349204;7.8958;B96 B98;S
754;1;2;female;1974.0;1;2;220845;65.0;B96 B98;S
755;1;2;male;2021.33;1;1;250649;14.5;B96 B98;S
756;0;3;male;1994.0;0;0;350042;7.7958;B96 B98;S
757;0;2;male;2004.0;0;0;29108;11.5;B96 B98;S
758;0;3;male;1988.0;0;0;363294;8.05;B96 B98;S
759;1;1;female;1989.0;0;0;110152;86.5;B77;S
760;0;3;male;1992.3008823529412;0;0;358585;14.5;B96 B98;S
761;0;3;male;1981.0;0;0;SOTON/O2 3101272;7.125;B96 B98;S
762;1;3;male;2002.0;0;0;2663;7.2292;B96 B98;C
763;1;1;female;1986.0;1;2;113760;120.0;B96 B98;S
764;0;3;male;2006.0;0;0;347074;7.775;B96 B98;S
765;1;1;female;1971.0;1;0;13502;77.9583;D11;S
766;0;1;male;1992.3008823529412;0;0;112379;39.6;B96 B98;C
767;0;3;female;1991.5;0;0;364850;7.75;B96 B98;Q
768;0;3;male;1992.3008823529412;1;0;371110;24.15;B96 B98;Q
769;0;3;male;1990.0;0;0;8471;8.3625;B96 B98;S
770;0;3;male;1998.0;0;0;345781;9.5;B96 B98;S
771;0;3;male;1974.0;0;0;350047;7.8542;B96 B98;S
772;0;2;female;1965.0;0;0;S.O./P.P. 3;10.5;E77;S
773;0;3;male;1992.3008823529412;0;0;2674;7.225;B96 B98;C
774;1;2;female;1968.0;1;3;29105;23.0;B96 B98;S
775;0;3;male;2004.0;0;0;347078;7.75;B96 B98;S
776;0;3;male;1992.3008823529412;0;0;383121;7.75;F38;Q
777;1;3;female;2017.0;0;0;364516;12.475;B96 B98;S
778;0;3;male;1992.3008823529412;0;0;36865;7.7375;B96 B98;Q
779;1;1;female;1979.0;0;1;24160;211.3375;B3;S
780;1;3;female;2009.0;0;0;2687;7.2292;B96 B98;C
781;1;1;female;2005.0;1;0;17474;57.0;B20;S
782;0;1;male;1993.0;0;0;113501;30.0;D6;S
783;0;3;male;1992.3008823529412;1;2;W./C. 6607;23.45;B96 B98;S
784;0;3;male;1997.0;0;0;SOTON/O.Q. 3101312;7.05;B96 B98;S
785;0;3;male;1997.0;0;0;374887;7.25;B96 B98;S
786;1;3;female;2004.0;0;0;3101265;7.4958;B96 B98;S
787;0;3;male;2014.0;4;1;382652;29.125;B96 B98;Q
788;1;3;male;2021.0;1;2;C.A. 2315;20.575;B96 B98;S
789;0;1;male;1976.0;0;0;PC 17593;79.2;B82 B84;C
790;0;3;male;1992.3008823529412;0;0;12460;7.75;B96 B98;Q
791;0;2;male;2006.0;0;0;239865;26.0;B96 B98;S
792;0;3;female;1992.3008823529412;8;2;CA. 2343;69.55;B96 B98;S
793;0;1;male;1992.3008823529412;0;0;PC 17600;30.6958;B96 B98;C
794;0;3;male;1997.0;0;0;349203;7.8958;B96 B98;S
795;0;2;male;1983.0;0;0;28213;13.0;B96 B98;S
796;1;1;female;1973.0;0;0;17465;25.9292;D17;S
797;1;3;female;1991.0;0;0;349244;8.6833;B96 B98;S
798;0;3;male;1992.0;0;0;2685;7.2292;B96 B98;C
799;0;3;female;1992.0;1;1;345773;24.15;B96 B98;S
800;0;2;male;1988.0;0;0;250647;13.0;B96 B98;S
801;1;2;female;1991.0;1;1;C.A. 31921;26.25;B96 B98;S
802;1;1;male;2011.0;1;2;113760;120.0;B96 B98;S
803;1;3;male;2021.58;0;1;2625;8.5167;B96 B98;C
804;1;3;male;1995.0;0;0;347089;6.975;B96 B98;S
805;0;3;male;1991.0;0;0;347063;7.775;B96 B98;S
806;0;1;male;1983.0;0;0;112050;0.0;A36;S
807;0;3;female;2004.0;0;0;347087;7.775;B96 B98;S
808;0;2;male;1983.0;0;0;248723;13.0;B96 B98;S
809;1;1;female;1989.0;1;0;113806;53.1;E8;S
810;0;3;male;1996.0;0;0;3474;7.8875;B96 B98;S
811;0;3;male;1983.0;0;0;A/4 48871;24.15;B96 B98;S
812;0;2;male;1987.0;0;0;28206;10.5;B96 B98;S
813;0;3;female;2016.0;4;2;347082;31.275;B96 B98;S
814;0;3;male;1991.5;0;0;364499;8.05;B96 B98;S
815;0;1;male;1992.3008823529412;0;0;112058;0.0;B102;S
816;0;3;female;1999.0;0;0;STON/O2. 3101290;7.925;B96 B98;S
817;0;2;male;1991.0;1;1;S.C./PARIS 2079;37.0042;B96 B98;C
818;0;3;male;1979.0;0;0;C 7075;6.45;B96 B98;S
819;0;3;male;2012.0;3;2;347088;27.9;B96 B98;S
820;1;1;female;1970.0;1;1;12749;93.5;B69;S
821;1;3;male;1995.0;0;0;315098;8.6625;B96 B98;S
822;0;1;male;1984.0;0;0;19972;0.0;B96 B98;S
823;1;3;female;1995.0;0;1;392096;12.475;E121;S
824;0;3;male;2020.0;4;1;3101295;39.6875;B96 B98;S
825;0;3;male;1992.3008823529412;0;0;368323;6.95;B96 B98;Q
826;0;3;male;1992.3008823529412;0;0;1601;56.4958;B96 B98;S
827;1;2;male;2021.0;0;2;S.C./PARIS 2079;37.0042;B96 B98;C
828;1;3;male;1992.3008823529412;0;0;367228;7.75;B96 B98;Q
829;1;1;female;1960.0;0;0;113572;80.0;B28;S
830;1;3;female;2007.0;1;0;2659;14.4542;B96 B98;C
831;1;2;male;2021.17;1;1;29106;18.75;B96 B98;S
832;0;3;male;1992.3008823529412;0;0;2671;7.2292;B96 B98;C
833;0;3;male;1999.0;0;0;347468;7.8542;B96 B98;S
834;0;3;male;2004.0;0;0;2223;8.3;B96 B98;S
835;1;1;female;1983.0;1;1;PC 17756;83.1583;E49;C
836;0;3;male;2001.0;0;0;315097;8.6625;B96 B98;S
837;0;3;male;1992.3008823529412;0;0;392092;8.05;B96 B98;S
838;1;3;male;1990.0;0;0;1601;56.4958;B96 B98;S
839;1;1;male;1992.3008823529412;0;0;11774;29.7;C47;C
840;0;3;male;2002.0;0;0;SOTON/O2 3101287;7.925;B96 B98;S
841;0;2;male;2006.0;0;0;S.O./P.P. 3;10.5;B96 B98;S
842;1;1;female;1992.0;0;0;113798;31.0;B96 B98;C
843;0;3;male;1987.5;0;0;2683;6.4375;B96 B98;C
844;0;3;male;2005.0;0;0;315090;8.6625;B96 B98;S
845;0;3;male;1980.0;0;0;C.A. 5547;7.55;B96 B98;S
846;0;3;male;1992.3008823529412;8;2;CA. 2343;69.55;B96 B98;S
847;0;3;male;1987.0;0;0;349213;7.8958;B96 B98;C
848;0;2;male;1994.0;0;1;248727;33.0;B96 B98;S
849;1;1;female;1992.3008823529412;1;0;17453;89.1042;C92;C
850;0;3;male;2018.0;4;2;347082;31.275;B96 B98;S
851;0;3;male;1948.0;0;0;347060;7.775;B96 B98;S
852;0;3;female;2013.0;1;1;2678;15.2458;B96 B98;C
853;1;1;female;2006.0;0;1;PC 17592;39.4;D28;S
854;0;2;female;1978.0;1;0;244252;26.0;B96 B98;S
855;1;3;female;2004.0;0;1;392091;9.35;B96 B98;S
856;1;1;female;1977.0;1;1;36928;164.8667;B96 B98;S
857;1;1;male;1971.0;0;0;113055;26.55;E17;S
858;1;3;female;1998.0;0;3;2666;19.2583;B96 B98;C
859;0;3;male;1992.3008823529412;0;0;2629;7.2292;B96 B98;C
860;0;3;male;1981.0;2;0;350026;14.1083;B96 B98;S
861;0;2;male;2001.0;1;0;28134;11.5;B96 B98;S
862;1;1;female;1974.0;0;0;17466;25.9292;D17;S
863;0;3;female;1992.3008823529412;8;2;CA. 2343;69.55;B96 B98;S
864;0;2;male;1998.0;0;0;233866;13.0;B96 B98;S
865;1;2;female;1980.0;0;0;236852;13.0;B96 B98;S
866;1;2;female;1995.0;1;0;SC/PARIS 2149;13.8583;B96 B98;C
867;0;1;male;1991.0;0;0;PC 17590;50.4958;A24;S
868;0;3;male;1992.3008823529412;0;0;345777;9.5;B96 B98;S
869;1;3;male;2018.0;1;1;347742;11.1333;B96 B98;S
870;0;3;male;1996.0;0;0;349248;7.8958;B96 B98;S
871;1;1;female;1975.0;1;1;11751;52.5542;D35;S
872;0;1;male;1989.0;0;0;695;5.0;B51 B53 B55;S
873;0;3;male;1975.0;0;0;345765;9.0;B96 B98;S
874;1;2;female;1994.0;1;0;P/PP 3381;24.0;B96 B98;C
875;1;3;female;2007.0;0;0;2667;7.225;B96 B98;C
876;0;3;male;2002.0;0;0;7534;9.8458;B96 B98;S
877;0;3;male;2003.0;0;0;349212;7.8958;B96 B98;S
878;0;3;male;1992.3008823529412;0;0;349217;7.8958;B96 B98;S
879;1;1;female;1966.0;0;1;11767;83.1583;C50;C
880;1;2;female;1997.0;0;1;230433;26.0;B96 B98;S
881;0;3;male;1989.0;0;0;349257;7.8958;B96 B98;S
882;0;3;female;2000.0;0;0;7552;10.5167;B96 B98;S
883;0;2;male;1994.0;0;0;C.A./SOTON 34068;10.5;B96 B98;S
884;0;3;male;1997.0;0;0;SOTON/OQ 392076;7.05;B96 B98;S
885;0;3;female;1983.0;0;5;382652;29.125;B96 B98;Q
886;0;2;male;1995.0;0;0;211536;13.0;B96 B98;S
887;1;1;female;2003.0;0;0;112053;30.0;B42;S
888;0;3;female;1992.3008823529412;1;2;W./C. 6607;23.45;B96 B98;S
889;1;1;male;1996.0;0;0;111369;30.0;C148;C
890;0;3;male;1990.0;0;0;370376;7.75;B96 B98;Q
